{
    "rmse": 0.663758886570055,
    "mae": 0.5185769513163271,
    "r2": 0.2773817026979215
}